n.pound.e;n.pound.ne
drumette;drumette
drumette;drumette
drumette;drumette
drumette;drumette
drumette;drumette
drumette;drumette
drumette;drumette
drumette;drumette
drumette;drumette
drumette;drumette
drumette;drumette
drumette;drumette
drumette;drumette
drumette;drumette
drumette;drumette
drumette;drumette
drumette;drumette
drumette;drumette
drumette;drumette
drumette;drumette
drumette;drumette
drumette;drumette
drumette;drumette
drumette;drumette
drumette;drumette
drumette;drumette
drumette;drumette
drumette;drumette
drumette;drumette
drumette;drumette
drumette;drumette
drumette;drumette
drumette;drumette
drumette;drumette
drumette;drumette
drumette;drumette
drumette;drumette
drumette;drumette
drumette;drumette
drumette;mjw
drumette;mjw
drumette;mjw
drumette;mjw
drumette;mjw
drumette;mjw
drumette;mjw
mjw;mjw
mjw;mjw
mjw;mjw
mjw;mjw
mjw;mjw
mjw;mjw
mjw;mjw
mjw;mjw
mjw;mjw
mjw;mjw
mjw;mjw
mjw;mjw
mjw;mjw
mjw;mjw
mjw;mjw
mjw;mjw
mjw;mjw
mjw;mjw
mjw;mjw
mjw;mjw
mjw;mjw
mjw;mjw
mjw;mjw
mjw;mjw
mjw;mjw
mjw;mjw
mjw;mjw
mjw;mjw
mjw;mjw
mjw;mjw
mjw;mjw
mjw;mjw
mjw;mjw
mjw;mjw
mjw;mjw
mjw;mjw
mjw;mjw
mjw;mjw
mjw;mjw
mjw;mjw
mjw;mjw
mjw;mjw
mjw;mjw
mjw;mjw
mjw;mjw
mjw;mjw
mjw;mjw
mjw;mjw
mjw;mjw
mjw;mjw
mjw;mjw
mjw;mjw
;
;
;
;
;
;
;
;
;
;
;
;
;
;
;
;
;
;
;
;
;
;
;
;
;
